{
    "appid": 287290,
    "name": "Resident Evil Revelations 2",
    "type": "Game",
    "schinese_name": "生化危机启示录2",
    "isfreeapp": 0,
    "update_time": "2025-06-14 16:03:40",
    "change_number": 29411459,
    "depot": {
        "overridescddb": "1",
        "baselanguages": "english,german,french,italian,koreana,spanish,schinese,tchinese,russian,japanese,polish,brazilian",
        "228990": {
            "config": {
                "oslist": "windows"
            },
            "depotfromapp": "228980",
            "sharedinstall": "1"
        },
        "287291": {
            "systemdefined": "1",
            "config": {
                "oslist": "windows"
            },
            "manifests": {
                "public": {
                    "gid": "7492799466495753753",
                    "size": "7172556903",
                    "download": "5478684656"
                },
                "local": {
                    "gid": "1047456395225806584",
                    "size": "19589415676",
                    "download": "5433926292691"
                }
            },
            "decryptionkey": "bc5ba048977d68842139f6abbd30e78adb6c33ff7d7ff1724d6594768c1def46"
        },
        "319810": {
            "config": {
                "oslist": "windows"
            },
            "manifests": {
                "public": {
                    "gid": "8868881723047000134",
                    "size": "3091848680",
                    "download": "2179353632"
                },
                "local": {
                    "gid": "1562945049958640067",
                    "size": "2198007993",
                    "download": "567169829718"
                }
            },
            "dlcappid": "319810",
            "decryptionkey": "53a39700c8494c1a0aecd11cfc46c5fa1892b2e0d362601cbfd2be669a9e1d4e"
        },
        "320350": {
            "config": {
                "oslist": "windows"
            },
            "manifests": {
                "public": {
                    "gid": "2283563465610488288",
                    "size": "3059875120",
                    "download": "2618399440"
                },
                "local": {
                    "gid": "1990595454522495738",
                    "size": "1915550508",
                    "download": "286836428849"
                }
            },
            "dlcappid": "320350",
            "decryptionkey": "9776346fd31d33f094d42b1649b2d5e067971f1d322bc6c27bf2362378f6a35b"
        },
        "320351": {
            "config": {
                "oslist": "windows"
            },
            "manifests": {
                "public": {
                    "gid": "5751501780775513507",
                    "size": "3536330078",
                    "download": "2986820544"
                },
                "local": {
                    "gid": "5947188504958017318",
                    "size": "1834092195",
                    "download": "481358502986"
                }
            },
            "dlcappid": "320351",
            "decryptionkey": "7aceae0a437a8f22e55ec2fd0d70c2439f568e900eedce12b871b43c6c803008"
        },
        "320352": {
            "config": {
                "oslist": "windows"
            },
            "manifests": {
                "public": {
                    "gid": "7954170132868010200",
                    "size": "1026010689",
                    "download": "934831792"
                },
                "local": {
                    "gid": "1592426064971414533",
                    "size": "458693137",
                    "download": "1355123698674"
                }
            },
            "dlcappid": "320352",
            "decryptionkey": "7a268e53783fdbc08d534ac971b7a696b770f23942803ca6d4d08bbdb0f0fca7"
        },
        "320353": {
            "config": {
                "oslist": "windows"
            },
            "manifests": {
                "public": {
                    "gid": "2134910798229961555",
                    "size": "1406442628",
                    "download": "1177150704"
                },
                "local": {
                    "gid": "8080351457326417203",
                    "size": "972542099",
                    "download": "510773031426"
                }
            },
            "dlcappid": "320353",
            "decryptionkey": "15309a8e76ea76eda0d5fc2b81c59e97a44267f711454761e4247914c4f8635c"
        },
        "320360": {
            "config": {
                "oslist": "windows"
            },
            "manifests": {
                "public": {
                    "gid": "215137073275298612",
                    "size": "128",
                    "download": "528"
                },
                "local": {
                    "gid": "7617654554131878972",
                    "size": "128",
                    "download": "60699898"
                }
            },
            "dlcappid": "320360",
            "decryptionkey": "9075a49f112b50412bcef290df8dfb0fcada5659a2884af000557bdf48fbf0bc"
        },
        "320361": {
            "config": {
                "oslist": "windows"
            },
            "manifests": {
                "public": {
                    "gid": "721423778186482167",
                    "size": "128",
                    "download": "528"
                },
                "local": {
                    "gid": "1780427348253339124",
                    "size": "128",
                    "download": "182099664"
                }
            },
            "dlcappid": "320361",
            "decryptionkey": "57da5165aa4915f42b703687917bfdc325932221fb1d359eb8ff376a3c545588"
        },
        "320362": {
            "config": {
                "oslist": "windows"
            },
            "manifests": {
                "public": {
                    "gid": "1901076864279174336",
                    "size": "144",
                    "download": "544"
                },
                "local": {
                    "gid": "3291982086686751128",
                    "size": "144",
                    "download": "60699898"
                }
            },
            "dlcappid": "320362",
            "decryptionkey": "d08c7c74e61ad89f3e2fbb957c536dd103242971f5532d02bab19016675c8963"
        },
        "320363": {
            "config": {
                "oslist": "windows"
            },
            "manifests": {
                "public": {
                    "gid": "6218749976762703332",
                    "size": "128",
                    "download": "528"
                },
                "local": {
                    "gid": "7922803345473420324",
                    "size": "128",
                    "download": "182099664"
                }
            },
            "dlcappid": "320363",
            "decryptionkey": "4d3ba9e7d186d5abfeab5733ba3b66ad6bcd60d7979ca307bc6c8be6355ea5a4"
        },
        "320364": {
            "config": {
                "oslist": "windows"
            },
            "manifests": {
                "public": {
                    "gid": "1636079505706795906",
                    "size": "128",
                    "download": "528"
                },
                "local": {
                    "gid": "8522434357627987908",
                    "size": "128",
                    "download": "121399781"
                }
            },
            "dlcappid": "320364",
            "decryptionkey": "7c13b56551645ea86768f63c481daf346ffd0460159b1ce443fce7b7eb44ab6a"
        },
        "320370": {
            "config": {
                "oslist": "windows"
            },
            "manifests": {
                "public": {
                    "gid": "1792920206027701399",
                    "size": "144",
                    "download": "400"
                },
                "local": {
                    "gid": "6656084317079510703",
                    "size": "80",
                    "download": "60699893"
                }
            },
            "dlcappid": "320370",
            "decryptionkey": "c40e38eb2cd77e678e1d0199fee37c345fb4867dec3fbbe7184bc01b45fc5575"
        },
        "320371": {
            "config": {
                "oslist": "windows"
            },
            "manifests": {
                "public": {
                    "gid": "8758334265280692826",
                    "size": "144",
                    "download": "400"
                },
                "local": {
                    "gid": "7173214872553728331",
                    "size": "88",
                    "download": "10"
                }
            },
            "dlcappid": "320371",
            "decryptionkey": "894a8419dd99d9d4789ad3fdb26af975ddd2ed9392410ff09221fa91676e9220"
        },
        "320372": {
            "config": {
                "oslist": "windows"
            },
            "manifests": {
                "public": {
                    "gid": "3705913608377087123",
                    "size": "113564205",
                    "download": "110262576"
                },
                "local": {
                    "gid": "8429588777786070922",
                    "size": "81882717",
                    "download": "64204878464"
                }
            },
            "dlcappid": "320372",
            "decryptionkey": "e303e0b4eba747c6beac716d23246f4540a05c6bd10e3dc7d16d0996ebcd62ea"
        },
        "320373": {
            "config": {
                "oslist": "windows"
            },
            "manifests": {
                "public": {
                    "gid": "1423124063261903971",
                    "size": "144",
                    "download": "400"
                },
                "local": {
                    "gid": "4983743589174571188",
                    "size": "88",
                    "download": "10"
                }
            },
            "dlcappid": "320373",
            "decryptionkey": ""
        },
        "320374": {
            "config": {
                "oslist": "windows"
            },
            "manifests": {
                "public": {
                    "gid": "4396923565327072031",
                    "size": "144",
                    "download": "400"
                },
                "local": {
                    "gid": "7753569423354519721",
                    "size": "88",
                    "download": "60699893"
                }
            },
            "dlcappid": "320374",
            "decryptionkey": ""
        },
        "320380": {
            "config": {
                "oslist": "windows"
            },
            "manifests": {
                "public": {
                    "gid": "320423243038783490",
                    "size": "112",
                    "download": "512"
                },
                "local": {
                    "gid": "5578498026564810873",
                    "size": "112",
                    "download": "15"
                }
            },
            "dlcappid": "320380",
            "decryptionkey": "2ce8b359bc397de37a4894ec5279ff1b32590f978bb14d48021824e7c8f7469a"
        },
        "320381": {
            "config": {
                "oslist": "windows"
            },
            "manifests": {
                "public": {
                    "gid": "1977461528599587408",
                    "size": "112",
                    "download": "512"
                },
                "local": {
                    "gid": "6444966779243182519",
                    "size": "112",
                    "download": "121399781"
                }
            },
            "dlcappid": "320381",
            "decryptionkey": "be3f46901f12ae522a3200a4bbcc5e31564a63a7f8120362198fe2de665b556c"
        },
        "320382": {
            "config": {
                "oslist": "windows"
            },
            "manifests": {
                "public": {
                    "gid": "1120496101071368155",
                    "size": "112",
                    "download": "512"
                },
                "local": {
                    "gid": "2334633424514450577",
                    "size": "112",
                    "download": "60699898"
                }
            },
            "dlcappid": "320382",
            "decryptionkey": "1bc60e607a66ea348be45a08469b6f9d5548a2c75c6af0ee9510bf5ad81bc8f4"
        },
        "320383": {
            "config": {
                "oslist": "windows"
            },
            "manifests": {
                "public": {
                    "gid": "1910462192276798612",
                    "size": "112",
                    "download": "512"
                },
                "local": {
                    "gid": "4721813392561590535",
                    "size": "112",
                    "download": "15"
                }
            },
            "dlcappid": "320383",
            "decryptionkey": "292114b7d25dcdd90ffdf2ae70bf4221837ed533514e18d6261b2ef4f0b08dac"
        },
        "320384": {
            "config": {
                "oslist": "windows"
            },
            "manifests": {
                "public": {
                    "gid": "1385284676476203127",
                    "size": "112",
                    "download": "512"
                },
                "local": {
                    "gid": "1385284676476203127",
                    "size": "112",
                    "download": "60699898"
                }
            },
            "dlcappid": "320384",
            "decryptionkey": "12a2834066ac426d0a7645d83cdda941fc19f3ceb446dc8e5fee5f6dd700d902"
        },
        "320385": {
            "config": {
                "oslist": "windows"
            },
            "manifests": {
                "public": {
                    "gid": "2498186336388008405",
                    "size": "112",
                    "download": "512"
                },
                "local": {
                    "gid": "5226055545347130830",
                    "size": "112",
                    "download": "60699898"
                }
            },
            "dlcappid": "320385",
            "decryptionkey": "78d89fded00bc816adb18a065ebacfab71db55c1a97b2f96bd6e47ce0c6c51c2"
        },
        "320386": {
            "config": {
                "oslist": "windows"
            },
            "manifests": {
                "public": {
                    "gid": "5487441784683558905",
                    "size": "112",
                    "download": "512"
                },
                "local": {
                    "gid": "7456095472761861205",
                    "size": "112",
                    "download": "60699898"
                }
            },
            "dlcappid": "320386",
            "decryptionkey": "3690861be3638379dbba02777752f7ebcb1d54de1737c8c95d0c7f7f3aafbd29"
        },
        "320387": {
            "config": {
                "oslist": "windows"
            },
            "manifests": {
                "public": {
                    "gid": "1316366148040976862",
                    "size": "112",
                    "download": "512"
                },
                "local": {
                    "gid": "6736885128869998016",
                    "size": "112",
                    "download": "60699898"
                }
            },
            "dlcappid": "320387",
            "decryptionkey": "f28a03bbe6ac4171bcde880aa1d66e83a0ebeb0c111a87abcf7048a4eea6d101"
        },
        "320388": {
            "config": {
                "oslist": "windows"
            },
            "manifests": {
                "public": {
                    "gid": "3753480374332702052",
                    "size": "112",
                    "download": "512"
                },
                "local": {
                    "gid": "4875396135594028374",
                    "size": "112",
                    "download": "121399781"
                }
            },
            "dlcappid": "320388",
            "decryptionkey": "c1308298693c0dd251da63594ebd524590841e68dbf0e328907fd4ecb8f26770"
        },
        "353310": {
            "manifests": {
                "public": {
                    "gid": "8453554956492323464",
                    "size": "150285548",
                    "download": "121842944"
                }
            },
            "dlcappid": "353310",
            "decryptionkey": "fb47ed848fbd5a65bde94ef5fd88d17670c0dfc48aba5f5a91be5eaed3fd443d"
        },
        "353311": {
            "manifests": {
                "public": {
                    "gid": "4959558947909571185",
                    "size": "9045532",
                    "download": "8426944"
                }
            },
            "dlcappid": "353311",
            "decryptionkey": "b96c56908603fbd2bd84bab165bdbf7cfb17dd8a5be97954c00da20897407d8e"
        },
        "branches": {
            "public": {
                "buildid": "3658995",
                "timeupdated": "1553746008"
            },
            "local": {
                "buildid": "444289",
                "description": "Local Content Server",
                "lcsrequired": "1"
            }
        },
        "privatebranches": "1"
    }
}